GivenName,Surname,TelephoneNumber,NationalID
Keith,Grimes,513-280-2052,274-94-7073
Sherri,Estrada,509-707-0446,537-17-3705
Salvatore,Wilson,308-340-7076,505-02-7796
Naomi,Mays,707-895-5286,611-70-4842
John,Bush,215-927-9995,169-40-2060
Clarence,Duet,972-726-9251,640-40-0062
Glenda,Robinson,610-874-6048,192-80-1116
Eric,Whitley,317-425-4569,309-46-8523
Sandra,Williams,760-491-5305,562-52-7089
Denise,Hill,617-895-2973,025-42-2859
Catherine,Fretwell,269-861-7232,372-10-3983
Sidney,Page,602-573-8282,765-09-4429
Dawna,Schacher,260-533-0173,313-62-0253
Lindsay,Marshall,405-389-4325,448-13-7335
Joseph,Ragan,563-344-5690,481-19-4716
Clifton,Lundin,571-241-0395,695-03-7619
Aaron,Knapp,828-213-3012,246-11-7137
Michael,Parkinson,316-978-1761,514-24-0234
Horace,Benson,940-595-6108,630-64-2648
Patricia,Baca,864-360-7276,249-22-7340
Toni,Hammett,760-547-0450,625-72-5300
Don,Morris,210-343-8470,450-44-2061
Chasidy,Ewing,509-852-1935,538-34-8931
Pedro,Pearman,512-869-7166,637-94-3316
Sam,Jacques,814-922-9752,173-34-7182
Donald,Poindexter,901-837-3504,761-01-6929
Shane,Connors,305-390-8971,593-76-2421
Bonnie,Wright,631-608-9460,126-26-2284
Denver,Thatcher,402-339-5009,507-07-4807
Carolyn,McGill,928-368-2310,526-01-7037
Justine,Hebert,404-564-3154,252-75-5127
Christopher,Galloway,920-747-9451,393-90-4430
Martin,Long,903-790-4504,463-23-4194
James,Pratt,201-455-5495,147-22-7882
Teresa,Sakai,517-965-7367,383-54-0383
Viola,Little,860-724-0176,041-84-9026
Mildred,Knotts,507-596-5671,475-66-2312
Jose,Sardina,919-450-8392,243-96-4168
Pete,Godinez,760-389-0849,546-79-8350
Sebrina,Barrera,517-351-1117,370-11-2780
Sandra,Harmon,903-596-5642,644-92-6230
Charles,Bourgault,802-756-6121,008-76-4536
Ronald,Torres,562-225-3543,551-07-5928
Martha,Ogden,828-901-9874,690-01-8259
Diane,Neves,212-431-3784,120-78-7936
Gale,Bourgoin,303-908-3676,650-30-7544
David,Brennan,813-313-3043,590-91-0245
William,Mulholland,308-201-2278,507-39-2138
Karen,Velasquez,215-904-4589,204-42-9484
Megan,Young,201-991-7358,157-76-4155
Valerie,Moss,307-747-6977,520-64-6125
Michael,Black,310-320-4169,606-98-3263
Verna,Stout,314-824-4728,497-46-7366
Lula,Gonzalez,760-962-9431,613-38-7119
Shawna,Nance,813-752-3366,592-01-2818
Viola,Smith,321-728-0295,590-27-6113
Alice,Mimms,260-747-2242,303-18-4286
Mary,Reese,231-343-0682,377-48-6094
Martin,Olson,908-412-4580,154-01-0113
Sharon,Harding,305-382-6238,265-28-5268
Virginia,Conner,337-466-0263,439-72-1093
Eva,White,508-246-7404,014-78-7365
Jeffrey,Livingston,318-837-3477,659-07-2990
Melodi,Belz,603-298-7118,002-92-8202
Scott,Brooks,337-630-4912,665-03-9995
Lisa,Heredia,808-342-7879,751-03-9503
Ora,Kaufman,408-548-6798,615-45-5378
Mark,McDonald,409-978-2627,633-72-9636
Anna,Reddick,662-450-2179,427-41-3519
Alan,Fisher,406-632-1176,516-32-3127
Craig,Burnett,415-864-5331,567-62-8335
Tony,Morgan,813-714-7573,595-23-2594
Christopher,Christensen,952-797-9457,472-88-4630
Andrea,Elliot,770-231-0014,670-28-8172
Brandon,Salazar,910-422-4499,684-03-0039
Leo,Sandler,970-257-7588,653-16-0842
Naomi,Quinn,816-290-2803,492-07-4560
Mary,Jacobs,713-945-6726,645-66-6371
Gerald,Garnica,501-537-8838,431-52-9924
Bryan,Will,563-536-9104,483-60-0858
Ryan,Hoover,931-464-3306,756-01-3062
Natasha,Garrett,214-916-5365,461-79-8079
Charles,Southern,516-825-0295,095-68-6173
Valerie,Williams,305-825-9429,769-32-1692
Paul,Baptiste,516-886-0547,107-03-1546
Patricia,Chase,714-705-3885,621-27-5929
Brian,Frick,805-408-8311,622-27-3881
Patricia,Wilson,507-648-1361,469-43-0509
Matthew,Ward,715-302-7271,387-84-0838
Bobby,Armas,419-976-8912,272-64-2276
Sharon,Hoover,919-956-7140,237-38-0527
Librada,Hernandez,904-726-6466,770-10-1281
Jeannie,Barlow,617-217-9581,016-68-4549
James,Holliman,636-226-1524,487-80-0838
Carla,Tate,917-705-3977,111-24-7427
Jeffery,Fennell,239-254-7288,264-29-8451
Laura,Huddleston,863-983-8509,591-29-6355
Manuel,Pelley,954-916-1542,772-18-2171
Adan,Martinsen,706-215-5751,255-34-3084
David,Fiscus,704-671-1549,238-32-2046
